"value","unit","charge_id","timestamp"
"900","Wh","18894","2024-04-19 11:59:26+00"
"1200","Wh","19574","2024-04-29 09:40:31+00"
"1400","Wh","19574","2024-04-29 09:41:31+00"
"1600","Wh","19574","2024-04-29 09:42:31+00"
"1800","Wh","19574","2024-04-29 09:43:31+00"
"1900","Wh","19574","2024-04-29 09:44:31+00"
"2100","Wh","19574","2024-04-29 09:45:31+00"
"2200","Wh","19574","2024-04-29 09:46:31+00"
"2400","Wh","19574","2024-04-29 09:47:31+00"
"2500","Wh","19574","2024-04-29 09:48:31+00"
"2700","Wh","19574","2024-04-29 09:49:31+00"
"2800","Wh","19574","2024-04-29 09:50:31+00"
"3000","Wh","19574","2024-04-29 09:51:31+00"
"3200","Wh","19574","2024-04-29 09:52:31+00"
"3300","Wh","19574","2024-04-29 09:53:31+00"
"3300","Wh","19574","2024-04-29 09:54:31+00"
"3300","Wh","19574","2024-04-29 09:55:31+00"
"3400","Wh","19574","2024-04-29 09:56:31+00"
"3400","Wh","19574","2024-04-29 09:57:30+00"
"3400","Wh","19574","2024-04-29 09:58:31+00"
"3400","Wh","19574","2024-04-29 09:59:30+00"
"3500","Wh","19574","2024-04-29 10:00:31+00"
"3500","Wh","19574","2024-04-29 10:01:31+00"
"3500","Wh","19574","2024-04-29 10:02:31+00"
"3500","Wh","19574","2024-04-29 10:03:31+00"
"3600","Wh","19574","2024-04-29 10:04:31+00"
"3600","Wh","19574","2024-04-29 10:05:31+00"
"3600","Wh","19574","2024-04-29 10:06:31+00"
"3700","Wh","19574","2024-04-29 10:07:31+00"
"3700","Wh","19574","2024-04-29 10:08:31+00"
"3800","Wh","19574","2024-04-29 10:09:31+00"
"3800","Wh","19574","2024-04-29 10:10:31+00"
"3900","Wh","21977","2024-06-07 09:23:21+00"
"4100","Wh","21977","2024-06-07 09:24:20+00"
"4200","Wh","21977","2024-06-07 09:25:21+00"
"4400","Wh","21977","2024-06-07 09:26:21+00"
"4600","Wh","21977","2024-06-07 09:27:21+00"
"4800","Wh","21977","2024-06-07 09:28:21+00"
"4900","Wh","21977","2024-06-07 09:29:21+00"
"5100","Wh","21977","2024-06-07 09:30:21+00"
"5300","Wh","21977","2024-06-07 09:31:21+00"
"5500","Wh","21977","2024-06-07 09:32:21+00"
"5700","Wh","21977","2024-06-07 09:33:21+00"
"5800","Wh","21977","2024-06-07 09:34:21+00"
"6000","Wh","21977","2024-06-07 09:35:21+00"
"6200","Wh","21977","2024-06-07 09:36:21+00"
"6400","Wh","21977","2024-06-07 09:37:21+00"
"6500","Wh","21977","2024-06-07 09:38:21+00"
"6700","Wh","21977","2024-06-07 09:39:21+00"
"6900","Wh","21977","2024-06-07 09:40:21+00"
"7100","Wh","21977","2024-06-07 09:41:21+00"
"7200","Wh","21977","2024-06-07 09:42:21+00"
"7400","Wh","21977","2024-06-07 09:43:21+00"
"7600","Wh","21977","2024-06-07 09:44:21+00"
"7800","Wh","21977","2024-06-07 09:45:21+00"
"7900","Wh","21977","2024-06-07 09:46:21+00"
"8100","Wh","21977","2024-06-07 09:47:21+00"
"8300","Wh","21977","2024-06-07 09:48:21+00"
"8500","Wh","21977","2024-06-07 09:49:21+00"
"8600","Wh","21977","2024-06-07 09:50:21+00"
"8800","Wh","21977","2024-06-07 09:51:21+00"
"9000","Wh","21977","2024-06-07 09:52:21+00"
"9200","Wh","21977","2024-06-07 09:53:21+00"
"9300","Wh","21977","2024-06-07 09:54:21+00"
"9500","Wh","21977","2024-06-07 09:55:21+00"
"9700","Wh","21977","2024-06-07 09:56:21+00"
"9900","Wh","21977","2024-06-07 09:57:20+00"
"10100","Wh","21977","2024-06-07 09:58:20+00"
"10200","Wh","21977","2024-06-07 09:59:20+00"
"10400","Wh","21977","2024-06-07 10:00:20+00"
"10600","Wh","21977","2024-06-07 10:01:20+00"
"10800","Wh","21977","2024-06-07 10:02:20+00"
"10900","Wh","21977","2024-06-07 10:03:21+00"
"11100","Wh","21977","2024-06-07 10:04:21+00"
"11300","Wh","21977","2024-06-07 10:05:21+00"
"11500","Wh","21977","2024-06-07 10:06:22+00"
"11600","Wh","21977","2024-06-07 10:07:22+00"
"11800","Wh","21977","2024-06-07 10:08:22+00"
"12000","Wh","21977","2024-06-07 10:09:22+00"
"12200","Wh","21977","2024-06-07 10:10:22+00"
"12300","Wh","21977","2024-06-07 10:11:22+00"
"12500","Wh","21977","2024-06-07 10:12:22+00"
"12700","Wh","21977","2024-06-07 10:13:22+00"
"12900","Wh","21977","2024-06-07 10:14:22+00"
"13000","Wh","21977","2024-06-07 10:15:22+00"
"13200","Wh","21977","2024-06-07 10:16:22+00"
"13400","Wh","21977","2024-06-07 10:17:22+00"
"13600","Wh","21977","2024-06-07 10:18:22+00"
"13700","Wh","21977","2024-06-07 10:19:22+00"
"13900","Wh","21977","2024-06-07 10:20:22+00"
"14100","Wh","21977","2024-06-07 10:21:22+00"
"14300","Wh","21977","2024-06-07 10:22:22+00"
"14500","Wh","21977","2024-06-07 10:23:22+00"
"14600","Wh","21977","2024-06-07 10:24:22+00"
"14800","Wh","21977","2024-06-07 10:25:22+00"
"15000","Wh","21977","2024-06-07 10:26:21+00"
"15200","Wh","21977","2024-06-07 10:27:21+00"
"15300","Wh","21977","2024-06-07 10:28:22+00"
"15500","Wh","21977","2024-06-07 10:29:21+00"
"15700","Wh","21977","2024-06-07 10:30:21+00"
"15900","Wh","21977","2024-06-07 10:31:21+00"
"16000","Wh","21977","2024-06-07 10:32:21+00"
"16200","Wh","21977","2024-06-07 10:33:21+00"
"16400","Wh","21977","2024-06-07 10:34:21+00"
"16600","Wh","21977","2024-06-07 10:35:21+00"
"16800","Wh","21977","2024-06-07 10:36:21+00"
"16900","Wh","21977","2024-06-07 10:37:21+00"
"17100","Wh","21977","2024-06-07 10:38:21+00"
"17300","Wh","21977","2024-06-07 10:39:21+00"
"17500","Wh","21977","2024-06-07 10:40:21+00"
"17700","Wh","21977","2024-06-07 10:41:21+00"
"17800","Wh","21977","2024-06-07 10:42:21+00"
"18000","Wh","21977","2024-06-07 10:43:21+00"
"18200","Wh","21977","2024-06-07 10:44:21+00"
"18400","Wh","21977","2024-06-07 10:45:21+00"
"18500","Wh","21977","2024-06-07 10:46:22+00"
"18700","Wh","21977","2024-06-07 10:47:22+00"
"18900","Wh","21977","2024-06-07 10:48:22+00"
"19100","Wh","21977","2024-06-07 10:49:22+00"
"19300","Wh","21977","2024-06-07 10:50:22+00"
"19400","Wh","21977","2024-06-07 10:51:22+00"
"19600","Wh","21977","2024-06-07 10:52:22+00"
"19800","Wh","21977","2024-06-07 10:53:22+00"
"20000","Wh","21977","2024-06-07 10:54:22+00"
"20100","Wh","21977","2024-06-07 10:55:22+00"
"20300","Wh","21977","2024-06-07 10:56:22+00"
"20500","Wh","21977","2024-06-07 10:57:22+00"
"20700","Wh","21977","2024-06-07 10:58:22+00"
"20900","Wh","21977","2024-06-07 10:59:22+00"
"21000","Wh","21977","2024-06-07 11:00:22+00"
"21200","Wh","21977","2024-06-07 11:01:22+00"
"21400","Wh","21977","2024-06-07 11:02:22+00"
"21600","Wh","21977","2024-06-07 11:03:22+00"
"21800","Wh","21977","2024-06-07 11:04:22+00"
"21900","Wh","21977","2024-06-07 11:05:22+00"
"22100","Wh","21977","2024-06-07 11:06:22+00"
"22300","Wh","21977","2024-06-07 11:07:22+00"
"22500","Wh","21977","2024-06-07 11:08:22+00"
"22600","Wh","21977","2024-06-07 11:09:22+00"
"22800","Wh","21977","2024-06-07 11:10:22+00"
"23000","Wh","21977","2024-06-07 11:11:22+00"
"23200","Wh","21977","2024-06-07 11:12:22+00"
"23400","Wh","21977","2024-06-07 11:13:22+00"
"23500","Wh","21977","2024-06-07 11:14:21+00"
"23700","Wh","21977","2024-06-07 11:15:22+00"
"23900","Wh","21977","2024-06-07 11:16:22+00"
"24100","Wh","21977","2024-06-07 11:17:22+00"
"24300","Wh","21977","2024-06-07 11:18:22+00"
"24400","Wh","21977","2024-06-07 11:19:22+00"
"24600","Wh","21977","2024-06-07 11:20:22+00"
"24800","Wh","21977","2024-06-07 11:21:22+00"
"25000","Wh","21977","2024-06-07 11:22:22+00"
"25200","Wh","21977","2024-06-07 11:23:22+00"
"25300","Wh","21977","2024-06-07 11:24:22+00"
"25500","Wh","21977","2024-06-07 11:25:22+00"
"25700","Wh","21977","2024-06-07 11:26:22+00"
"25900","Wh","21977","2024-06-07 11:27:22+00"
"26000","Wh","21977","2024-06-07 11:28:23+00"
"26200","Wh","21977","2024-06-07 11:29:22+00"
"26400","Wh","21977","2024-06-07 11:30:22+00"
"26600","Wh","21977","2024-06-07 11:31:23+00"
"26600","Wh","21977","2024-06-07 11:31:23+00"
"26800","Wh","21977","2024-06-07 11:32:23+00"
"26900","Wh","21977","2024-06-07 11:33:23+00"
"27100","Wh","21977","2024-06-07 11:34:23+00"
"27300","Wh","21977","2024-06-07 11:35:23+00"
"27500","Wh","21977","2024-06-07 11:36:23+00"
"27700","Wh","21977","2024-06-07 11:37:23+00"
"27800","Wh","21977","2024-06-07 11:38:23+00"
"28000","Wh","21977","2024-06-07 11:39:23+00"
"28200","Wh","21977","2024-06-07 11:40:22+00"
"28400","Wh","21977","2024-06-07 11:41:22+00"
"28500","Wh","21977","2024-06-07 11:42:22+00"
"28700","Wh","21977","2024-06-07 11:43:22+00"
"28900","Wh","21977","2024-06-07 11:44:22+00"
"29100","Wh","21977","2024-06-07 11:45:22+00"
"29300","Wh","21977","2024-06-07 11:46:22+00"
"29400","Wh","21977","2024-06-07 11:47:22+00"
"29600","Wh","21977","2024-06-07 11:48:22+00"
"29800","Wh","21977","2024-06-07 11:49:22+00"
"30000","Wh","21977","2024-06-07 11:50:22+00"
"30200","Wh","21977","2024-06-07 11:51:22+00"
"30300","Wh","21977","2024-06-07 11:52:22+00"
"30500","Wh","21977","2024-06-07 11:53:22+00"
"30700","Wh","21977","2024-06-07 11:54:22+00"
"30900","Wh","21977","2024-06-07 11:55:22+00"
"31100","Wh","21977","2024-06-07 11:56:22+00"
"31200","Wh","21977","2024-06-07 11:57:22+00"
"31400","Wh","21977","2024-06-07 11:58:22+00"
"31600","Wh","21977","2024-06-07 11:59:22+00"
"31800","Wh","21977","2024-06-07 12:00:22+00"
"32000","Wh","21977","2024-06-07 12:01:22+00"
"32100","Wh","21977","2024-06-07 12:02:23+00"
"32300","Wh","21977","2024-06-07 12:03:22+00"
"32500","Wh","21977","2024-06-07 12:04:23+00"
"32700","Wh","21977","2024-06-07 12:05:23+00"
"32900","Wh","21977","2024-06-07 12:06:23+00"
"33000","Wh","21977","2024-06-07 12:07:23+00"
"33200","Wh","23815","2024-07-03 12:12:07+00"
"33400","Wh","23815","2024-07-03 12:13:07+00"
"33600","Wh","23815","2024-07-03 12:14:07+00"
"33700","Wh","23820","2024-07-03 12:42:54+00"
"33900","Wh","23820","2024-07-03 12:43:54+00"
"34100","Wh","23820","2024-07-03 12:44:54+00"
"34300","Wh","23820","2024-07-03 12:45:54+00"
"34400","Wh","24441","2024-07-11 08:24:51+00"
"34600","Wh","24441","2024-07-11 08:25:52+00"
"34800","Wh","24441","2024-07-11 08:26:51+00"
"35000","Wh","24441","2024-07-11 08:27:52+00"
"35100","Wh","24441","2024-07-11 08:28:53+00"
"35300","Wh","24441","2024-07-11 08:29:53+00"
"35500","Wh","24441","2024-07-11 08:30:53+00"
"35700","Wh","24441","2024-07-11 08:31:53+00"
"35800","Wh","24441","2024-07-11 08:32:53+00"
"36000","Wh","24441","2024-07-11 08:33:53+00"
"36200","Wh","24441","2024-07-11 08:34:52+00"
"36400","Wh","24441","2024-07-11 08:35:52+00"
"36500","Wh","24441","2024-07-11 08:36:52+00"
"36600","Wh","24441","2024-07-11 08:37:52+00"
"36700","Wh","24441","2024-07-11 08:38:52+00"
"36800","Wh","24441","2024-07-11 08:39:52+00"
"36900","Wh","24441","2024-07-11 08:40:52+00"
"37000","Wh","24441","2024-07-11 08:41:52+00"
"37100","Wh","24441","2024-07-11 08:42:52+00"
"37200","Wh","24441","2024-07-11 08:43:52+00"
"37300","Wh","24441","2024-07-11 08:44:52+00"
"37400","Wh","24441","2024-07-11 08:45:52+00"
"37500","Wh","24441","2024-07-11 08:46:52+00"
"37600","Wh","24441","2024-07-11 08:47:52+00"
"37700","Wh","24441","2024-07-11 08:48:52+00"
"37800","Wh","24441","2024-07-11 08:49:52+00"
"37900","Wh","24441","2024-07-11 08:50:52+00"
"38000","Wh","24441","2024-07-11 08:51:52+00"
"38200","Wh","24441","2024-07-11 08:52:52+00"
"38300","Wh","24441","2024-07-11 08:53:52+00"
"38400","Wh","24441","2024-07-11 08:54:53+00"
"38500","Wh","24441","2024-07-11 08:55:53+00"
"38600","Wh","24441","2024-07-11 08:56:53+00"
"38700","Wh","24441","2024-07-11 08:57:53+00"
"38800","Wh","24441","2024-07-11 08:58:53+00"
"38900","Wh","24441","2024-07-11 08:59:53+00"
"39000","Wh","24441","2024-07-11 09:00:53+00"
"39100","Wh","24441","2024-07-11 09:01:53+00"
"39200","Wh","24441","2024-07-11 09:02:53+00"
"39300","Wh","24441","2024-07-11 09:03:53+00"
"39400","Wh","24441","2024-07-11 09:04:53+00"
"39500","Wh","24441","2024-07-11 09:05:53+00"
"39600","Wh","24441","2024-07-11 09:06:53+00"
"39700","Wh","24441","2024-07-11 09:07:53+00"
"39800","Wh","24441","2024-07-11 09:08:53+00"
"39900","Wh","24441","2024-07-11 09:09:53+00"
"40000","Wh","24441","2024-07-11 09:10:53+00"
"40200","Wh","24441","2024-07-11 09:11:53+00"
"40300","Wh","24441","2024-07-11 09:12:53+00"
"40400","Wh","24441","2024-07-11 09:13:53+00"
"40500","Wh","24441","2024-07-11 09:14:53+00"
"40600","Wh","24441","2024-07-11 09:15:52+00"
"40700","Wh","24441","2024-07-11 09:16:52+00"
"40800","Wh","24441","2024-07-11 09:17:52+00"
"41000","Wh","24441","2024-07-11 09:18:52+00"
"41100","Wh","24441","2024-07-11 09:19:52+00"
"41200","Wh","24441","2024-07-11 09:20:52+00"
"41300","Wh","24441","2024-07-11 09:21:52+00"
"41400","Wh","24441","2024-07-11 09:22:52+00"
"41500","Wh","24441","2024-07-11 09:23:52+00"
"41600","Wh","24441","2024-07-11 09:24:52+00"
"41700","Wh","24441","2024-07-11 09:25:52+00"
"41900","Wh","24441","2024-07-11 09:26:52+00"
"42000","Wh","24441","2024-07-11 09:27:52+00"
"42100","Wh","24441","2024-07-11 09:28:52+00"
"42200","Wh","24441","2024-07-11 09:29:52+00"
"42300","Wh","24441","2024-07-11 09:30:52+00"
"42400","Wh","24441","2024-07-11 09:31:52+00"
"42500","Wh","24441","2024-07-11 09:32:52+00"
"42600","Wh","24441","2024-07-11 09:33:53+00"
"42800","Wh","24441","2024-07-11 09:34:52+00"
"42900","Wh","24441","2024-07-11 09:35:52+00"
"43000","Wh","24441","2024-07-11 09:36:53+00"
"43000","Wh","24441","2024-07-11 09:37:53+00"
"43100","Wh","24441","2024-07-11 09:38:53+00"
"43200","Wh","24441","2024-07-11 09:39:54+00"
"43300","Wh","24441","2024-07-11 09:40:54+00"
"43300","Wh","24441","2024-07-11 09:41:54+00"
"43400","Wh","24441","2024-07-11 09:42:54+00"
"43500","Wh","24441","2024-07-11 09:43:54+00"
"43600","Wh","24441","2024-07-11 09:44:54+00"
"43700","Wh","24441","2024-07-11 09:45:54+00"
"43800","Wh","24441","2024-07-11 09:46:54+00"
"43900","Wh","24441","2024-07-11 09:47:54+00"
"43900","Wh","24441","2024-07-11 09:48:54+00"
"44000","Wh","24441","2024-07-11 09:49:54+00"
"44100","Wh","24441","2024-07-11 09:50:54+00"
"44200","Wh","24441","2024-07-11 09:51:54+00"
"44300","Wh","24441","2024-07-11 09:52:53+00"
"44400","Wh","24441","2024-07-11 09:53:53+00"
"44500","Wh","24441","2024-07-11 09:54:53+00"
"44600","Wh","24441","2024-07-11 09:55:53+00"
"44700","Wh","24441","2024-07-11 09:56:53+00"
"44700","Wh","24441","2024-07-11 09:57:53+00"
"44800","Wh","24441","2024-07-11 09:58:53+00"
"44800","Wh","24441","2024-07-11 09:59:53+00"
"44800","Wh","24441","2024-07-11 10:00:53+00"
"44900","Wh","24441","2024-07-11 10:01:53+00"
"44900","Wh","24441","2024-07-11 10:02:53+00"
"45000","Wh","24441","2024-07-11 10:03:53+00"
"45000","Wh","24441","2024-07-11 10:04:53+00"
"45100","Wh","24441","2024-07-11 10:05:53+00"
"45100","Wh","24441","2024-07-11 10:06:53+00"
"45200","Wh","24441","2024-07-11 10:07:53+00"
"45200","Wh","24441","2024-07-11 10:08:53+00"
"45300","Wh","24441","2024-07-11 10:09:53+00"
"45300","Wh","24441","2024-07-11 10:10:53+00"
"45400","Wh","24441","2024-07-11 10:11:53+00"
"45400","Wh","24441","2024-07-11 10:12:53+00"
"45500","Wh","24441","2024-07-11 10:13:53+00"
"45500","Wh","24441","2024-07-11 10:14:53+00"
"45500","Wh","24441","2024-07-11 10:15:53+00"
"45600","Wh","24441","2024-07-11 10:16:53+00"
"45800","Wh","24441","2024-07-11 10:17:53+00"
"45900","Wh","24441","2024-07-11 10:18:53+00"
"46000","Wh","24441","2024-07-11 10:19:54+00"
"46100","Wh","24441","2024-07-11 10:20:54+00"
"46200","Wh","24441","2024-07-11 10:21:54+00"
"46300","Wh","24441","2024-07-11 10:22:54+00"
"46400","Wh","24441","2024-07-11 10:23:54+00"
"46500","Wh","24441","2024-07-11 10:24:54+00"
"46700","Wh","24441","2024-07-11 10:25:54+00"
"46800","Wh","24441","2024-07-11 10:26:54+00"
"46900","Wh","24441","2024-07-11 10:27:54+00"
"47000","Wh","24441","2024-07-11 10:28:54+00"
"47100","Wh","24441","2024-07-11 10:29:54+00"
"47200","Wh","24441","2024-07-11 10:30:53+00"
"47400","Wh","24441","2024-07-11 10:31:53+00"
"47500","Wh","24441","2024-07-11 10:32:53+00"
"47600","Wh","24441","2024-07-11 10:33:53+00"
"47800","Wh","24441","2024-07-11 10:34:53+00"
"47900","Wh","24441","2024-07-11 10:35:53+00"
"48100","Wh","24441","2024-07-11 10:36:53+00"
"48300","Wh","24441","2024-07-11 10:37:53+00"
"48500","Wh","24441","2024-07-11 10:38:53+00"
"48600","Wh","24441","2024-07-11 10:39:53+00"
"48800","Wh","24441","2024-07-11 10:40:53+00"
"49000","Wh","24441","2024-07-11 10:41:53+00"
"49200","Wh","24441","2024-07-11 10:42:53+00"
"49400","Wh","24441","2024-07-11 10:43:53+00"
"49500","Wh","24441","2024-07-11 10:44:53+00"
"49700","Wh","24441","2024-07-11 10:45:53+00"
"49900","Wh","24441","2024-07-11 10:46:53+00"
"50100","Wh","24441","2024-07-11 10:47:53+00"
"50300","Wh","24441","2024-07-11 10:48:53+00"
"50400","Wh","24441","2024-07-11 10:49:54+00"
"50600","Wh","24441","2024-07-11 10:50:53+00"
"50800","Wh","24441","2024-07-11 10:51:54+00"
"51000","Wh","24441","2024-07-11 10:52:54+00"
"51200","Wh","24441","2024-07-11 10:53:54+00"
"51300","Wh","24441","2024-07-11 10:54:54+00"
"51500","Wh","24441","2024-07-11 10:55:54+00"
"51700","Wh","24441","2024-07-11 10:56:54+00"
"51900","Wh","24441","2024-07-11 10:57:54+00"
"52000","Wh","24441","2024-07-11 10:58:54+00"
"52200","Wh","24441","2024-07-11 10:59:54+00"
"52400","Wh","24441","2024-07-11 11:00:54+00"
"52600","Wh","24441","2024-07-11 11:01:54+00"
"52800","Wh","24441","2024-07-11 11:02:55+00"
"52900","Wh","24441","2024-07-11 11:03:55+00"
"53100","Wh","24441","2024-07-11 11:04:54+00"
"53300","Wh","24441","2024-07-11 11:05:54+00"
"53500","Wh","24441","2024-07-11 11:06:54+00"
"53700","Wh","24441","2024-07-11 11:07:54+00"
"53900","Wh","24441","2024-07-11 11:08:54+00"
"54000","Wh","24441","2024-07-11 11:09:54+00"
"54200","Wh","24441","2024-07-11 11:10:54+00"
"54400","Wh","24441","2024-07-11 11:11:54+00"
"54500","Wh","24441","2024-07-11 11:12:54+00"
"54700","Wh","24441","2024-07-11 11:13:54+00"
"54900","Wh","24441","2024-07-11 11:14:54+00"
"55100","Wh","24441","2024-07-11 11:15:54+00"
"55200","Wh","24441","2024-07-11 11:16:54+00"
"55400","Wh","24441","2024-07-11 11:17:54+00"
"55600","Wh","24441","2024-07-11 11:18:54+00"
"55800","Wh","24441","2024-07-11 11:19:54+00"
"55900","Wh","24441","2024-07-11 11:20:54+00"
"56100","Wh","24441","2024-07-11 11:21:54+00"
"56300","Wh","24441","2024-07-11 11:22:54+00"
"56500","Wh","24441","2024-07-11 11:23:54+00"
"56700","Wh","24441","2024-07-11 11:24:54+00"
"56800","Wh","24441","2024-07-11 11:25:54+00"
"57000","Wh","24441","2024-07-11 11:26:54+00"
"57200","Wh","24441","2024-07-11 11:27:54+00"
"57400","Wh","24441","2024-07-11 11:28:54+00"
"57500","Wh","24441","2024-07-11 11:29:54+00"
"57700","Wh","24441","2024-07-11 11:30:54+00"
"57900","Wh","24441","2024-07-11 11:31:54+00"
"58000","Wh","24441","2024-07-11 11:32:54+00"
"58200","Wh","24441","2024-07-11 11:33:54+00"
"58400","Wh","24441","2024-07-11 11:34:54+00"
"58500","Wh","24441","2024-07-11 11:35:54+00"
"58700","Wh","24441","2024-07-11 11:36:54+00"
"58900","Wh","24441","2024-07-11 11:37:54+00"
"59100","Wh","24441","2024-07-11 11:38:54+00"
"59300","Wh","24441","2024-07-11 11:39:54+00"
"59500","Wh","24441","2024-07-11 11:40:54+00"
"59600","Wh","24441","2024-07-11 11:41:54+00"
"59800","Wh","24441","2024-07-11 11:42:54+00"
"60000","Wh","24441","2024-07-11 11:43:53+00"
"60200","Wh","24441","2024-07-11 11:44:53+00"
"60300","Wh","24441","2024-07-11 11:45:54+00"
"60500","Wh","24441","2024-07-11 11:46:54+00"
"60700","Wh","24441","2024-07-11 11:47:54+00"
"60900","Wh","24441","2024-07-11 11:48:54+00"
"61100","Wh","24441","2024-07-11 11:49:54+00"
"61200","Wh","24441","2024-07-11 11:50:54+00"
"61400","Wh","24441","2024-07-11 11:51:54+00"
"61600","Wh","24441","2024-07-11 11:52:54+00"
"61700","Wh","24441","2024-07-11 11:53:54+00"
"61900","Wh","24441","2024-07-11 11:54:54+00"
"62100","Wh","24441","2024-07-11 11:55:55+00"
"62300","Wh","24441","2024-07-11 11:56:55+00"
"62500","Wh","24441","2024-07-11 11:57:55+00"
"62600","Wh","24441","2024-07-11 11:58:55+00"
"62800","Wh","24441","2024-07-11 11:59:55+00"
"63000","Wh","24441","2024-07-11 12:00:55+00"
"63100","Wh","24441","2024-07-11 12:01:55+00"
"63300","Wh","24441","2024-07-11 12:02:55+00"
"63500","Wh","24441","2024-07-11 12:03:55+00"
"63700","Wh","24441","2024-07-11 12:04:55+00"
"63900","Wh","24441","2024-07-11 12:05:55+00"
"64000","Wh","24441","2024-07-11 12:06:55+00"
"64200","Wh","24441","2024-07-11 12:07:55+00"
"64400","Wh","24441","2024-07-11 12:08:55+00"
"64600","Wh","24441","2024-07-11 12:09:55+00"
"64700","Wh","24441","2024-07-11 12:10:55+00"
"64900","Wh","24441","2024-07-11 12:11:55+00"
"65100","Wh","24441","2024-07-11 12:12:55+00"
"65300","Wh","24441","2024-07-11 12:13:55+00"
"65500","Wh","24441","2024-07-11 12:14:54+00"
"65600","Wh","24441","2024-07-11 12:15:54+00"
"65800","Wh","24441","2024-07-11 12:16:54+00"
"66000","Wh","24441","2024-07-11 12:17:54+00"
"66200","Wh","24441","2024-07-11 12:18:54+00"
"66300","Wh","24441","2024-07-11 12:19:54+00"
"66500","Wh","24441","2024-07-11 12:20:54+00"
"66700","Wh","24441","2024-07-11 12:21:54+00"
"66900","Wh","24441","2024-07-11 12:22:54+00"
"67000","Wh","24441","2024-07-11 12:23:55+00"
"67200","Wh","24441","2024-07-11 12:24:55+00"
"67400","Wh","24441","2024-07-11 12:25:55+00"
"67600","Wh","24441","2024-07-11 12:26:55+00"
"67700","Wh","24441","2024-07-11 12:27:55+00"
"67900","Wh","24441","2024-07-11 12:28:55+00"
"68100","Wh","24441","2024-07-11 12:29:55+00"
"68300","Wh","24441","2024-07-11 12:30:55+00"
"68400","Wh","24441","2024-07-11 12:31:55+00"
"68600","Wh","24441","2024-07-11 12:32:55+00"
"68800","Wh","24441","2024-07-11 12:33:55+00"
"69000","Wh","24441","2024-07-11 12:34:55+00"
"69100","Wh","24441","2024-07-11 12:35:55+00"
"69300","Wh","24441","2024-07-11 12:36:55+00"
"69500","Wh","24441","2024-07-11 12:37:55+00"
"69700","Wh","24441","2024-07-11 12:38:55+00"
"69800","Wh","24441","2024-07-11 12:39:55+00"
"70000","Wh","24441","2024-07-11 12:40:55+00"
"70200","Wh","24441","2024-07-11 12:41:55+00"
"70400","Wh","24441","2024-07-11 12:42:55+00"
"70500","Wh","24441","2024-07-11 12:43:55+00"
"70700","Wh","24441","2024-07-11 12:44:55+00"
"70900","Wh","24441","2024-07-11 12:45:55+00"
"71100","Wh","24441","2024-07-11 12:46:55+00"
"71300","Wh","24441","2024-07-11 12:47:55+00"
"71500","Wh","24441","2024-07-11 12:48:55+00"
"71600","Wh","24441","2024-07-11 12:49:54+00"
"71800","Wh","24441","2024-07-11 12:50:54+00"
"72000","Wh","24441","2024-07-11 12:51:54+00"
"72200","Wh","24441","2024-07-11 12:52:54+00"
"72300","Wh","24441","2024-07-11 12:53:54+00"
"72500","Wh","24441","2024-07-11 12:54:55+00"
"72700","Wh","24441","2024-07-11 12:55:55+00"
"72900","Wh","24441","2024-07-11 12:56:55+00"
"73000","Wh","24441","2024-07-11 12:57:55+00"
"73200","Wh","24441","2024-07-11 12:58:55+00"
"73400","Wh","24441","2024-07-11 12:59:56+00"
"73600","Wh","24441","2024-07-11 13:00:56+00"
"73800","Wh","24441","2024-07-11 13:01:56+00"
"73900","Wh","24441","2024-07-11 13:02:56+00"
"74100","Wh","24441","2024-07-11 13:03:56+00"
"74300","Wh","24441","2024-07-11 13:04:56+00"
"74500","Wh","24441","2024-07-11 13:05:56+00"
"74700","Wh","24441","2024-07-11 13:06:56+00"
"74800","Wh","24441","2024-07-11 13:07:56+00"
"75000","Wh","24441","2024-07-11 13:08:56+00"
"75200","Wh","24441","2024-07-11 13:09:56+00"
"75400","Wh","24441","2024-07-11 13:10:56+00"
"75500","Wh","24441","2024-07-11 13:11:56+00"
"75700","Wh","24441","2024-07-11 13:12:56+00"
"75900","Wh","24441","2024-07-11 13:13:56+00"
"76100","Wh","24441","2024-07-11 13:14:56+00"
"76200","Wh","24441","2024-07-11 13:15:56+00"
"76400","Wh","24441","2024-07-11 13:16:56+00"
"76600","Wh","24441","2024-07-11 13:17:56+00"
"76800","Wh","24441","2024-07-11 13:18:56+00"
"77000","Wh","24441","2024-07-11 13:19:56+00"
"77200","Wh","24441","2024-07-11 13:20:55+00"
"77300","Wh","24441","2024-07-11 13:21:55+00"
"77500","Wh","24441","2024-07-11 13:22:55+00"
"77700","Wh","24441","2024-07-11 13:23:55+00"
"77900","Wh","24441","2024-07-11 13:24:55+00"
"78000","Wh","24441","2024-07-11 13:25:55+00"
"78200","Wh","24441","2024-07-11 13:26:55+00"
"78400","Wh","24441","2024-07-11 13:27:55+00"
"78600","Wh","24441","2024-07-11 13:28:55+00"
"78800","Wh","24441","2024-07-11 13:29:55+00"
"78900","Wh","24441","2024-07-11 13:30:55+00"
"79100","Wh","24441","2024-07-11 13:31:55+00"
"79300","Wh","24441","2024-07-11 13:32:55+00"
"79500","Wh","24441","2024-07-11 13:33:55+00"
"79600","Wh","24441","2024-07-11 13:34:55+00"
"79800","Wh","24441","2024-07-11 13:35:55+00"
"80000","Wh","24441","2024-07-11 13:36:56+00"
"80200","Wh","24441","2024-07-11 13:37:55+00"
"80300","Wh","24441","2024-07-11 13:38:56+00"
"80500","Wh","24441","2024-07-11 13:39:56+00"
"80700","Wh","24441","2024-07-11 13:40:56+00"
"80900","Wh","24441","2024-07-11 13:41:56+00"
"81100","Wh","24441","2024-07-11 13:42:56+00"
"81300","Wh","24441","2024-07-11 13:43:56+00"
"81400","Wh","24441","2024-07-11 13:44:56+00"
"81600","Wh","24441","2024-07-11 13:45:56+00"
"81800","Wh","24441","2024-07-11 13:46:56+00"
"82000","Wh","24441","2024-07-11 13:47:56+00"
"82100","Wh","24441","2024-07-11 13:48:56+00"
"82300","Wh","24441","2024-07-11 13:49:56+00"
"82500","Wh","24441","2024-07-11 13:50:56+00"
"82700","Wh","24441","2024-07-11 13:51:55+00"
"82800","Wh","24441","2024-07-11 13:52:55+00"
"83000","Wh","24441","2024-07-11 13:53:56+00"
"83200","Wh","24441","2024-07-11 13:54:55+00"
"83400","Wh","24441","2024-07-11 13:55:55+00"
"83600","Wh","24441","2024-07-11 13:56:56+00"
"83700","Wh","24441","2024-07-11 13:57:56+00"
"83900","Wh","24441","2024-07-11 13:58:56+00"
"84100","Wh","24441","2024-07-11 13:59:56+00"
"84200","Wh","24441","2024-07-11 14:00:56+00"
"84400","Wh","24441","2024-07-11 14:01:56+00"
"84600","Wh","24441","2024-07-11 14:02:56+00"
"84800","Wh","24441","2024-07-11 14:03:56+00"
"85000","Wh","24441","2024-07-11 14:04:56+00"
"85100","Wh","24441","2024-07-11 14:05:56+00"
"85300","Wh","24441","2024-07-11 14:06:56+00"
"85500","Wh","24441","2024-07-11 14:07:56+00"
"85700","Wh","24441","2024-07-11 14:08:56+00"
"85900","Wh","24441","2024-07-11 14:09:56+00"
"86000","Wh","24441","2024-07-11 14:10:56+00"
"86200","Wh","24441","2024-07-11 14:11:56+00"
"86400","Wh","24441","2024-07-11 14:12:56+00"
"86600","Wh","24441","2024-07-11 14:13:56+00"
"86700","Wh","24441","2024-07-11 14:14:56+00"
"86900","Wh","24441","2024-07-11 14:15:56+00"
"87100","Wh","24441","2024-07-11 14:16:56+00"
"87300","Wh","24441","2024-07-11 14:17:57+00"
"87500","Wh","24441","2024-07-11 14:18:57+00"
"87600","Wh","24441","2024-07-11 14:19:57+00"
"87800","Wh","24441","2024-07-11 14:20:57+00"
"88000","Wh","24441","2024-07-11 14:21:57+00"
"88200","Wh","24441","2024-07-11 14:22:57+00"
"88400","Wh","24441","2024-07-11 14:23:57+00"
"88600","Wh","24441","2024-07-11 14:24:56+00"
"88700","Wh","24441","2024-07-11 14:25:56+00"
"88900","Wh","24441","2024-07-11 14:26:56+00"
"89100","Wh","24441","2024-07-11 14:27:56+00"
"89300","Wh","24441","2024-07-11 14:28:56+00"
"89400","Wh","24441","2024-07-11 14:29:56+00"
"89600","Wh","24441","2024-07-11 14:30:56+00"
"89700","Wh","24441","2024-07-11 14:31:56+00"
"89900","Wh","24441","2024-07-11 14:32:56+00"
"90100","Wh","24441","2024-07-11 14:33:56+00"
"90200","Wh","24441","2024-07-11 14:34:56+00"
"90400","Wh","24441","2024-07-11 14:35:56+00"
"90500","Wh","24441","2024-07-11 14:36:56+00"
"90700","Wh","24441","2024-07-11 14:37:56+00"
"90800","Wh","24441","2024-07-11 14:38:56+00"
"91000","Wh","24441","2024-07-11 14:39:56+00"
"91200","Wh","24441","2024-07-11 14:40:56+00"
"91400","Wh","24441","2024-07-11 14:41:56+00"
"91500","Wh","24441","2024-07-11 14:42:56+00"
"91700","Wh","24441","2024-07-11 14:43:56+00"
"91800","Wh","24441","2024-07-11 14:44:56+00"
"92000","Wh","24441","2024-07-11 14:45:56+00"
"92200","Wh","24441","2024-07-11 14:46:56+00"
"92300","Wh","24441","2024-07-11 14:47:56+00"
"92500","Wh","24441","2024-07-11 14:48:56+00"
"92600","Wh","24441","2024-07-11 14:49:56+00"
"92800","Wh","24441","2024-07-11 14:50:56+00"
"93000","Wh","24441","2024-07-11 14:51:56+00"
"93100","Wh","24441","2024-07-11 14:52:56+00"
"93300","Wh","24441","2024-07-11 14:53:56+00"
"93400","Wh","24441","2024-07-11 14:54:56+00"
"93600","Wh","24441","2024-07-11 14:55:56+00"
"93800","Wh","24441","2024-07-11 14:56:57+00"
"94000","Wh","24441","2024-07-11 14:57:57+00"
"94100","Wh","24441","2024-07-11 14:58:57+00"
"94300","Wh","24441","2024-07-11 14:59:57+00"
"94400","Wh","24441","2024-07-11 15:00:57+00"
"94600","Wh","24441","2024-07-11 15:01:57+00"
"94800","Wh","24441","2024-07-11 15:02:57+00"
"94900","Wh","24441","2024-07-11 15:03:57+00"
"95100","Wh","24441","2024-07-11 15:04:57+00"
"95200","Wh","24441","2024-07-11 15:05:57+00"
"95400","Wh","24441","2024-07-11 15:06:57+00"
"95600","Wh","24441","2024-07-11 15:07:57+00"
"95700","Wh","24441","2024-07-11 15:08:57+00"
"95900","Wh","24441","2024-07-11 15:09:57+00"
"96000","Wh","24441","2024-07-11 15:10:57+00"
"96200","Wh","24441","2024-07-11 15:11:57+00"
"96400","Wh","24441","2024-07-11 15:12:57+00"
"96500","Wh","24441","2024-07-11 15:13:57+00"
"96700","Wh","24441","2024-07-11 15:14:57+00"
"96900","Wh","24441","2024-07-11 15:15:57+00"
"97000","Wh","24441","2024-07-11 15:16:57+00"
"97200","Wh","24441","2024-07-11 15:17:57+00"
"97400","Wh","24441","2024-07-11 15:18:57+00"
"97500","Wh","24441","2024-07-11 15:19:57+00"
"97700","Wh","24441","2024-07-11 15:20:57+00"
"97800","Wh","24441","2024-07-11 15:21:57+00"
"98000","Wh","24441","2024-07-11 15:22:57+00"
"98200","Wh","24441","2024-07-11 15:23:57+00"
"98300","Wh","24441","2024-07-11 15:24:57+00"
"98500","Wh","24441","2024-07-11 15:25:57+00"
"98600","Wh","24441","2024-07-11 15:26:57+00"
"98800","Wh","24441","2024-07-11 15:27:57+00"
"99000","Wh","24441","2024-07-11 15:28:57+00"
"99100","Wh","24441","2024-07-11 15:29:57+00"
"99300","Wh","24441","2024-07-11 15:30:57+00"
"99500","Wh","24441","2024-07-11 15:31:56+00"
"99600","Wh","24441","2024-07-11 15:32:57+00"
"99800","Wh","24441","2024-07-11 15:33:57+00"
"100000","Wh","24441","2024-07-11 15:34:57+00"
"100100","Wh","24441","2024-07-11 15:35:57+00"
"100300","Wh","24441","2024-07-11 15:36:57+00"
"100400","Wh","24441","2024-07-11 15:37:57+00"
"100400","Wh","24441","2024-07-11 15:38:57+00"
"100400","Wh","24441","2024-07-11 15:39:57+00"
"100400","Wh","24441","2024-07-11 15:40:57+00"
"100400","Wh","24441","2024-07-11 15:41:57+00"
"100400","Wh","24441","2024-07-11 15:42:57+00"
"100400","Wh","24441","2024-07-11 15:43:57+00"
"100400","Wh","24441","2024-07-11 15:44:57+00"
"100400","Wh","24441","2024-07-11 15:45:57+00"
"100400","Wh","24441","2024-07-11 15:46:57+00"
"100400","Wh","24441","2024-07-11 15:47:57+00"
"100400","Wh","24441","2024-07-11 15:48:57+00"
"100400","Wh","24441","2024-07-11 15:49:57+00"
"100400","Wh","24441","2024-07-11 15:50:57+00"
"100400","Wh","24441","2024-07-11 15:51:57+00"
"100400","Wh","24441","2024-07-11 15:52:57+00"
"100400","Wh","24441","2024-07-11 15:53:57+00"
"100400","Wh","24441","2024-07-11 15:54:57+00"
"100400","Wh","24441","2024-07-11 15:55:57+00"
"100400","Wh","24441","2024-07-11 15:56:57+00"
"100400","Wh","24441","2024-07-11 15:57:57+00"
"100400","Wh","24441","2024-07-11 15:58:57+00"
"100400","Wh","24441","2024-07-11 15:59:57+00"
"100400","Wh","24441","2024-07-11 16:00:57+00"
"100400","Wh","24441","2024-07-11 16:01:57+00"
"100400","Wh","24441","2024-07-11 16:02:56+00"
"100400","Wh","24441","2024-07-11 16:03:57+00"
"100400","Wh","24441","2024-07-11 16:04:57+00"
"100400","Wh","24441","2024-07-11 16:05:57+00"
"100400","Wh","24441","2024-07-11 16:06:57+00"
"100400","Wh","24441","2024-07-11 16:07:57+00"
"100400","Wh","24441","2024-07-11 16:08:57+00"
"100400","Wh","24441","2024-07-11 16:09:58+00"
"100400","Wh","24441","2024-07-11 16:10:58+00"
"100400","Wh","24441","2024-07-11 16:11:58+00"
"100400","Wh","24441","2024-07-11 16:12:58+00"
"100500","Wh","24441","2024-07-11 16:13:58+00"
"100700","Wh","24441","2024-07-11 16:14:58+00"
"100700","Wh","24441","2024-07-11 16:15:58+00"
"100700","Wh","24441","2024-07-11 16:16:58+00"
"100700","Wh","24441","2024-07-11 16:17:58+00"
"100700","Wh","24441","2024-07-11 16:18:58+00"
"100700","Wh","24441","2024-07-11 16:19:58+00"
"100700","Wh","24441","2024-07-11 16:20:58+00"
"100700","Wh","24441","2024-07-11 16:21:58+00"
"100700","Wh","24441","2024-07-11 16:22:58+00"
"100700","Wh","24441","2024-07-11 16:23:58+00"
"100700","Wh","24441","2024-07-11 16:24:58+00"
"100700","Wh","24441","2024-07-11 16:25:58+00"
"100700","Wh","24441","2024-07-11 16:26:58+00"
"100700","Wh","24441","2024-07-11 16:27:58+00"
"100700","Wh","24441","2024-07-11 16:28:57+00"
"100700","Wh","24441","2024-07-11 16:29:58+00"
"100700","Wh","24441","2024-07-11 16:30:58+00"
"100700","Wh","24441","2024-07-11 16:31:58+00"
"100700","Wh","24441","2024-07-11 16:32:57+00"
"100700","Wh","24441","2024-07-11 16:33:57+00"
"100700","Wh","24441","2024-07-11 16:34:57+00"
"100700","Wh","24441","2024-07-11 16:35:57+00"
"100700","Wh","24441","2024-07-11 16:36:57+00"
"100700","Wh","24441","2024-07-11 16:37:57+00"
"100700","Wh","24441","2024-07-11 16:38:57+00"
"100700","Wh","24441","2024-07-11 16:39:57+00"
"100700","Wh","24441","2024-07-11 16:40:57+00"
"100700","Wh","24441","2024-07-11 16:41:57+00"
"100700","Wh","24441","2024-07-11 16:42:57+00"
"100700","Wh","24441","2024-07-11 16:43:57+00"
"100700","Wh","24441","2024-07-11 16:44:57+00"
"100700","Wh","24441","2024-07-11 16:45:57+00"
"100700","Wh","24441","2024-07-11 16:46:57+00"
"100700","Wh","24441","2024-07-11 16:47:58+00"
"100700","Wh","24441","2024-07-11 16:48:58+00"
"100700","Wh","24441","2024-07-11 16:49:58+00"
"100700","Wh","24441","2024-07-11 16:50:58+00"
"100700","Wh","24441","2024-07-11 16:51:58+00"
"100700","Wh","24441","2024-07-11 16:52:58+00"
"100700","Wh","24441","2024-07-11 16:53:58+00"
"100700","Wh","24441","2024-07-11 16:54:58+00"
"100700","Wh","24441","2024-07-11 16:55:58+00"
"100700","Wh","24441","2024-07-11 16:56:58+00"
"100700","Wh","24441","2024-07-11 16:57:58+00"
"100700","Wh","24441","2024-07-11 16:58:58+00"
"100700","Wh","24441","2024-07-11 16:59:58+00"
"100700","Wh","24441","2024-07-11 17:00:58+00"
"100700","Wh","24441","2024-07-11 17:01:58+00"
"100700","Wh","24441","2024-07-11 17:02:58+00"
"100700","Wh","24441","2024-07-11 17:03:58+00"
"100700","Wh","24441","2024-07-11 17:04:58+00"
"100700","Wh","24441","2024-07-11 17:05:57+00"
"100700","Wh","24441","2024-07-11 17:06:57+00"
"100700","Wh","24441","2024-07-11 17:07:57+00"
"100700","Wh","24441","2024-07-11 17:08:58+00"
"100700","Wh","24441","2024-07-11 17:09:58+00"
"100700","Wh","24441","2024-07-11 17:10:58+00"
"100700","Wh","24441","2024-07-11 17:11:58+00"
"100700","Wh","24441","2024-07-11 17:12:58+00"
"100700","Wh","24441","2024-07-11 17:13:58+00"
"100700","Wh","24441","2024-07-11 17:14:58+00"
"100700","Wh","24441","2024-07-11 17:15:58+00"
"100700","Wh","24441","2024-07-11 17:16:58+00"
"100700","Wh","24441","2024-07-11 17:17:58+00"
"100700","Wh","24441","2024-07-11 17:18:58+00"
"100700","Wh","24441","2024-07-11 17:19:58+00"
"100700","Wh","24441","2024-07-11 17:20:59+00"
"100700","Wh","24441","2024-07-11 17:21:58+00"
"100700","Wh","24441","2024-07-11 17:22:58+00"
"100700","Wh","24441","2024-07-11 17:23:59+00"
"100700","Wh","24441","2024-07-11 17:24:59+00"
"100700","Wh","24441","2024-07-11 17:25:59+00"
"100700","Wh","24441","2024-07-11 17:26:59+00"
"100700","Wh","24441","2024-07-11 17:27:59+00"
"100700","Wh","24441","2024-07-11 17:28:59+00"
"100700","Wh","24441","2024-07-11 17:29:59+00"
"100700","Wh","24441","2024-07-11 17:30:59+00"
"100700","Wh","24441","2024-07-11 17:31:59+00"
"100700","Wh","24441","2024-07-11 17:32:59+00"
"100700","Wh","24441","2024-07-11 17:33:58+00"
"100700","Wh","24441","2024-07-11 17:34:58+00"
"100700","Wh","24441","2024-07-11 17:35:58+00"
"100700","Wh","24441","2024-07-11 17:36:58+00"
"100700","Wh","24441","2024-07-11 17:37:58+00"
"100700","Wh","24441","2024-07-11 17:38:58+00"
"100700","Wh","24441","2024-07-11 17:39:58+00"
"100700","Wh","24441","2024-07-11 17:40:58+00"
"100700","Wh","24441","2024-07-11 17:41:58+00"
"100700","Wh","24441","2024-07-11 17:42:58+00"
"100700","Wh","25293","2024-07-18 18:23:09+00"
"100700","Wh","25293","2024-07-18 18:24:09+00"
"100800","Wh","25293","2024-07-18 18:25:09+00"
"100800","Wh","25293","2024-07-18 18:26:09+00"
"100800","Wh","25293","2024-07-18 18:27:09+00"
"100900","Wh","25293","2024-07-18 18:28:09+00"
"100900","Wh","25293","2024-07-18 18:29:09+00"
"100900","Wh","25293","2024-07-18 18:30:10+00"
"101000","Wh","25293","2024-07-18 18:31:10+00"
"101000","Wh","25293","2024-07-18 18:32:10+00"
"101000","Wh","25293","2024-07-18 18:33:10+00"
"101100","Wh","25293","2024-07-18 18:34:10+00"
"101100","Wh","25293","2024-07-18 18:35:10+00"
"101100","Wh","25293","2024-07-18 18:36:10+00"
"101200","Wh","25293","2024-07-18 18:37:10+00"
"101200","Wh","25293","2024-07-18 18:38:10+00"
"101300","Wh","25293","2024-07-18 18:39:10+00"
"101300","Wh","25293","2024-07-18 18:40:10+00"
"101300","Wh","25293","2024-07-18 18:41:10+00"
"101400","Wh","25293","2024-07-18 18:42:10+00"
"101400","Wh","25293","2024-07-18 18:43:09+00"
"101400","Wh","25293","2024-07-18 18:44:09+00"
"101500","Wh","25293","2024-07-18 18:45:09+00"
"101500","Wh","25293","2024-07-18 18:46:09+00"
"101500","Wh","25293","2024-07-18 18:47:09+00"
"101600","Wh","25293","2024-07-18 18:48:09+00"
"101600","Wh","25293","2024-07-18 18:49:09+00"
"101700","Wh","25293","2024-07-18 18:50:09+00"
"101700","Wh","25293","2024-07-18 18:51:09+00"
"101700","Wh","25293","2024-07-18 18:52:09+00"
"101800","Wh","25293","2024-07-18 18:53:09+00"
"101800","Wh","25293","2024-07-18 18:54:09+00"
"101800","Wh","25293","2024-07-18 18:55:09+00"
"101900","Wh","25293","2024-07-18 18:56:09+00"
"101900","Wh","25293","2024-07-18 18:57:10+00"
"102000","Wh","25293","2024-07-18 18:58:10+00"
"102000","Wh","25293","2024-07-18 18:59:10+00"
"102000","Wh","25293","2024-07-18 19:00:10+00"
"102100","Wh","25293","2024-07-18 19:01:10+00"
"102100","Wh","25293","2024-07-18 19:02:10+00"
"102100","Wh","25293","2024-07-18 19:03:10+00"
"102200","Wh","25293","2024-07-18 19:04:10+00"
"102200","Wh","25293","2024-07-18 19:05:10+00"
"102200","Wh","25293","2024-07-18 19:06:10+00"
"102300","Wh","25293","2024-07-18 19:07:10+00"
"102300","Wh","25293","2024-07-18 19:08:10+00"
"102400","Wh","25293","2024-07-18 19:09:10+00"
"102400","Wh","25293","2024-07-18 19:10:10+00"
"102400","Wh","25293","2024-07-18 19:11:10+00"
"102500","Wh","25293","2024-07-18 19:12:10+00"
"102500","Wh","25293","2024-07-18 19:13:10+00"
"102500","Wh","25293","2024-07-18 19:14:10+00"
"102600","Wh","25293","2024-07-18 19:15:10+00"
"102600","Wh","25293","2024-07-18 19:16:11+00"
"102600","Wh","25293","2024-07-18 19:17:10+00"
"102700","Wh","25293","2024-07-18 19:18:10+00"
"102700","Wh","25293","2024-07-18 19:19:10+00"
"102800","Wh","25293","2024-07-18 19:20:10+00"
"102800","Wh","25293","2024-07-18 19:21:10+00"
"102800","Wh","25293","2024-07-18 19:22:10+00"
"102900","Wh","25293","2024-07-18 19:23:11+00"
"102900","Wh","25293","2024-07-18 19:24:11+00"
"102900","Wh","25293","2024-07-18 19:25:10+00"
"103000","Wh","25293","2024-07-18 19:26:10+00"
"103000","Wh","25293","2024-07-18 19:27:10+00"
"103100","Wh","25293","2024-07-18 19:28:10+00"
"103100","Wh","25293","2024-07-18 19:29:10+00"
"103100","Wh","25293","2024-07-18 19:30:10+00"
"103200","Wh","25293","2024-07-18 19:31:10+00"
"103200","Wh","25293","2024-07-18 19:32:10+00"
"103200","Wh","25293","2024-07-18 19:33:10+00"
"103300","Wh","25293","2024-07-18 19:34:10+00"
"103300","Wh","25293","2024-07-18 19:35:10+00"
"103300","Wh","25293","2024-07-18 19:36:10+00"
"103400","Wh","25293","2024-07-18 19:37:10+00"
"103400","Wh","25293","2024-07-18 19:38:10+00"
"103500","Wh","25293","2024-07-18 19:39:10+00"
"103500","Wh","25293","2024-07-18 19:40:10+00"
"103500","Wh","25293","2024-07-18 19:41:10+00"
"103600","Wh","25293","2024-07-18 19:42:10+00"
"103600","Wh","25293","2024-07-18 19:43:10+00"
"103600","Wh","25293","2024-07-18 19:44:10+00"
"103700","Wh","25293","2024-07-18 19:45:10+00"
"103700","Wh","25293","2024-07-18 19:46:10+00"
"103700","Wh","25293","2024-07-18 19:47:10+00"
"103800","Wh","25293","2024-07-18 19:48:10+00"
"103800","Wh","25293","2024-07-18 19:49:10+00"
"103900","Wh","25293","2024-07-18 19:50:10+00"
"103900","Wh","25293","2024-07-18 19:51:10+00"
"103900","Wh","25293","2024-07-18 19:52:10+00"
"104000","Wh","25293","2024-07-18 19:53:11+00"
"104000","Wh","25293","2024-07-18 19:54:11+00"
"104000","Wh","25293","2024-07-18 19:55:11+00"
"104100","Wh","25293","2024-07-18 19:56:11+00"
"104100","Wh","25293","2024-07-18 19:57:11+00"
"104200","Wh","25293","2024-07-18 19:58:11+00"
"104200","Wh","25293","2024-07-18 19:59:11+00"
"104200","Wh","25293","2024-07-18 20:00:11+00"
"104300","Wh","25293","2024-07-18 20:01:11+00"
"104300","Wh","25293","2024-07-18 20:02:11+00"
"104300","Wh","25293","2024-07-18 20:03:11+00"
"104400","Wh","25293","2024-07-18 20:04:11+00"
"104400","Wh","25293","2024-07-18 20:05:11+00"
"104400","Wh","25293","2024-07-18 20:06:11+00"
"104500","Wh","25293","2024-07-18 20:07:11+00"
"104500","Wh","25293","2024-07-18 20:08:11+00"
"104600","Wh","25293","2024-07-18 20:09:11+00"
"104600","Wh","25293","2024-07-18 20:10:11+00"
"104700","Wh","25488","2024-07-20 10:11:36+00"
"104900","Wh","25488","2024-07-20 10:12:36+00"
"105100","Wh","25488","2024-07-20 10:13:36+00"
"105200","Wh","25488","2024-07-20 10:14:36+00"
"105400","Wh","25488","2024-07-20 10:15:36+00"
"105500","Wh","25488","2024-07-20 10:16:36+00"
"105700","Wh","25488","2024-07-20 10:17:36+00"
"105900","Wh","25488","2024-07-20 10:18:36+00"
"106000","Wh","25488","2024-07-20 10:19:36+00"
"106200","Wh","25488","2024-07-20 10:20:36+00"
"106400","Wh","25488","2024-07-20 10:21:36+00"
"106500","Wh","25488","2024-07-20 10:22:37+00"
"106700","Wh","25488","2024-07-20 10:23:37+00"
"106900","Wh","25488","2024-07-20 10:24:36+00"
"107000","Wh","25488","2024-07-20 10:25:36+00"
"107200","Wh","25488","2024-07-20 10:26:36+00"
"107400","Wh","25488","2024-07-20 10:27:36+00"
"107500","Wh","25488","2024-07-20 10:28:36+00"
"107700","Wh","25488","2024-07-20 10:29:36+00"
"107900","Wh","25488","2024-07-20 10:30:37+00"
"108000","Wh","25488","2024-07-20 10:31:37+00"
"108200","Wh","25488","2024-07-20 10:32:36+00"
"108400","Wh","25488","2024-07-20 10:33:36+00"
"108500","Wh","25488","2024-07-20 10:34:36+00"
"108700","Wh","25488","2024-07-20 10:35:36+00"
"108800","Wh","25488","2024-07-20 10:36:36+00"
"109000","Wh","25488","2024-07-20 10:37:36+00"
"109200","Wh","25488","2024-07-20 10:38:36+00"
"109300","Wh","25488","2024-07-20 10:39:36+00"
"109500","Wh","25488","2024-07-20 10:40:36+00"
"109700","Wh","25488","2024-07-20 10:41:36+00"
"109800","Wh","25488","2024-07-20 10:42:36+00"
"110000","Wh","25488","2024-07-20 10:43:36+00"
"110200","Wh","25488","2024-07-20 10:44:36+00"
"110300","Wh","25488","2024-07-20 10:45:36+00"
"110500","Wh","25488","2024-07-20 10:46:36+00"
"110700","Wh","25488","2024-07-20 10:47:36+00"
"110800","Wh","25488","2024-07-20 10:48:36+00"
"111000","Wh","25488","2024-07-20 10:49:36+00"
"111200","Wh","25488","2024-07-20 10:50:36+00"
"111300","Wh","25488","2024-07-20 10:51:36+00"
"111500","Wh","25488","2024-07-20 10:52:36+00"
"111700","Wh","25488","2024-07-20 10:53:36+00"
"111800","Wh","25488","2024-07-20 10:54:36+00"
"112000","Wh","25488","2024-07-20 10:55:36+00"
"112100","Wh","25488","2024-07-20 10:56:36+00"
"112300","Wh","25488","2024-07-20 10:57:36+00"
"112500","Wh","25488","2024-07-20 10:58:36+00"
"112600","Wh","25488","2024-07-20 10:59:36+00"
"112800","Wh","25488","2024-07-20 11:00:36+00"
"113000","Wh","25488","2024-07-20 11:01:36+00"
"113100","Wh","25488","2024-07-20 11:02:36+00"
"113300","Wh","25488","2024-07-20 11:03:36+00"
"113500","Wh","25488","2024-07-20 11:04:36+00"
"113600","Wh","25488","2024-07-20 11:05:37+00"
"113800","Wh","25488","2024-07-20 11:06:37+00"
"114000","Wh","25488","2024-07-20 11:07:37+00"
"114100","Wh","25488","2024-07-20 11:08:36+00"
"114300","Wh","25488","2024-07-20 11:09:36+00"
"114500","Wh","25488","2024-07-20 11:10:36+00"
"114600","Wh","25488","2024-07-20 11:11:36+00"
"114800","Wh","25488","2024-07-20 11:12:37+00"
"115000","Wh","25488","2024-07-20 11:13:37+00"
"115100","Wh","25488","2024-07-20 11:14:37+00"
"115300","Wh","25488","2024-07-20 11:15:37+00"
"115400","Wh","25488","2024-07-20 11:16:37+00"
"115600","Wh","25488","2024-07-20 11:17:37+00"
"115800","Wh","25488","2024-07-20 11:18:37+00"
"115900","Wh","25488","2024-07-20 11:19:37+00"
"116100","Wh","25488","2024-07-20 11:20:37+00"
"116300","Wh","25488","2024-07-20 11:21:37+00"
"116400","Wh","25488","2024-07-20 11:22:37+00"
"116600","Wh","25488","2024-07-20 11:23:37+00"
"116800","Wh","25488","2024-07-20 11:24:37+00"
"116900","Wh","25488","2024-07-20 11:25:37+00"
"117100","Wh","25488","2024-07-20 11:26:37+00"
"117300","Wh","25488","2024-07-20 11:27:37+00"
"117400","Wh","25488","2024-07-20 11:28:37+00"
"117600","Wh","25488","2024-07-20 11:29:37+00"
"117800","Wh","25488","2024-07-20 11:30:37+00"
"117900","Wh","25488","2024-07-20 11:31:37+00"
"118100","Wh","25488","2024-07-20 11:32:37+00"
"118200","Wh","25488","2024-07-20 11:33:37+00"
"118400","Wh","25488","2024-07-20 11:34:37+00"
"118600","Wh","25488","2024-07-20 11:35:37+00"
"118700","Wh","25488","2024-07-20 11:36:37+00"
"118900","Wh","25488","2024-07-20 11:37:37+00"
"119100","Wh","25488","2024-07-20 11:38:37+00"
"119100","Wh","25488","2024-07-20 11:39:37+00"
"119200","Wh","25823","2024-07-23 13:33:54+00"
"119400","Wh","25823","2024-07-23 13:34:55+00"
"119600","Wh","25823","2024-07-23 13:35:55+00"
"119700","Wh","25823","2024-07-23 13:36:55+00"
"119900","Wh","26192","2024-07-27 08:42:35+00"
"120100","Wh","26192","2024-07-27 08:43:35+00"
"120200","Wh","26192","2024-07-27 08:44:35+00"
"120400","Wh","26192","2024-07-27 08:45:35+00"
"120600","Wh","26192","2024-07-27 08:46:35+00"
"120700","Wh","26192","2024-07-27 08:47:35+00"
"120900","Wh","26192","2024-07-27 08:48:35+00"
"121100","Wh","26192","2024-07-27 08:49:35+00"
"121200","Wh","26192","2024-07-27 08:50:35+00"
"121400","Wh","26192","2024-07-27 08:51:35+00"
"121500","Wh","26192","2024-07-27 08:52:35+00"
"121700","Wh","26192","2024-07-27 08:53:36+00"
"121900","Wh","26192","2024-07-27 08:54:36+00"
"122000","Wh","26192","2024-07-27 08:55:36+00"
"122200","Wh","26192","2024-07-27 08:56:36+00"
"122400","Wh","26192","2024-07-27 08:57:36+00"
"122500","Wh","26192","2024-07-27 08:58:36+00"
"122700","Wh","26192","2024-07-27 08:59:36+00"
"122900","Wh","26192","2024-07-27 09:00:36+00"
"123000","Wh","26192","2024-07-27 09:01:36+00"
"123200","Wh","26192","2024-07-27 09:02:36+00"
"123300","Wh","26192","2024-07-27 09:03:36+00"
"123500","Wh","26192","2024-07-27 09:04:35+00"
"123700","Wh","26192","2024-07-27 09:05:36+00"
"123800","Wh","26192","2024-07-27 09:06:35+00"
"124000","Wh","26192","2024-07-27 09:07:35+00"
"124200","Wh","26192","2024-07-27 09:08:35+00"
"124300","Wh","26192","2024-07-27 09:09:35+00"
"124500","Wh","26192","2024-07-27 09:10:35+00"
"124700","Wh","26192","2024-07-27 09:11:35+00"
"124800","Wh","26192","2024-07-27 09:12:35+00"
"125000","Wh","26192","2024-07-27 09:13:35+00"
"125100","Wh","26192","2024-07-27 09:14:35+00"
"125300","Wh","26192","2024-07-27 09:15:35+00"
"125500","Wh","26192","2024-07-27 09:16:35+00"
"125600","Wh","26192","2024-07-27 09:17:35+00"
"125800","Wh","26192","2024-07-27 09:18:35+00"
"126000","Wh","26192","2024-07-27 09:19:35+00"
"126100","Wh","26192","2024-07-27 09:20:35+00"
"126300","Wh","26192","2024-07-27 09:21:35+00"
"126400","Wh","26192","2024-07-27 09:22:35+00"
"126600","Wh","26192","2024-07-27 09:23:35+00"
"126800","Wh","26192","2024-07-27 09:24:36+00"
"126900","Wh","26192","2024-07-27 09:25:35+00"
"127100","Wh","26192","2024-07-27 09:26:36+00"
"127300","Wh","26192","2024-07-27 09:27:36+00"
"127400","Wh","26192","2024-07-27 09:28:36+00"
"127600","Wh","26192","2024-07-27 09:29:36+00"
"127800","Wh","26192","2024-07-27 09:30:36+00"
"127900","Wh","26192","2024-07-27 09:31:36+00"
"128100","Wh","26192","2024-07-27 09:32:36+00"
"128200","Wh","26192","2024-07-27 09:33:36+00"
"128400","Wh","26192","2024-07-27 09:34:36+00"
"128600","Wh","26192","2024-07-27 09:35:36+00"
"128700","Wh","26192","2024-07-27 09:36:36+00"
"128900","Wh","26192","2024-07-27 09:37:37+00"
"129100","Wh","26192","2024-07-27 09:38:36+00"
"129200","Wh","26192","2024-07-27 09:39:35+00"
"129400","Wh","26192","2024-07-27 09:40:36+00"
"129500","Wh","26192","2024-07-27 09:41:36+00"
"129700","Wh","26192","2024-07-27 09:42:36+00"
"129900","Wh","26192","2024-07-27 09:43:36+00"
"129900","Wh","26192","2024-07-27 09:43:36+00"
"130000","Wh","26192","2024-07-27 09:44:36+00"
"130200","Wh","26192","2024-07-27 09:45:36+00"
"130400","Wh","26192","2024-07-27 09:46:36+00"
"130500","Wh","26192","2024-07-27 09:47:36+00"
"130700","Wh","26192","2024-07-27 09:48:36+00"
"130900","Wh","26192","2024-07-27 09:49:36+00"
"131000","Wh","26192","2024-07-27 09:50:36+00"
"131200","Wh","26192","2024-07-27 09:51:36+00"
"131300","Wh","26192","2024-07-27 09:52:36+00"
"131500","Wh","26192","2024-07-27 09:53:36+00"
"131700","Wh","26192","2024-07-27 09:54:36+00"
"131800","Wh","26192","2024-07-27 09:55:35+00"
"132000","Wh","26192","2024-07-27 09:56:36+00"
"132200","Wh","26192","2024-07-27 09:57:36+00"
"132300","Wh","26192","2024-07-27 09:58:36+00"
"132500","Wh","26192","2024-07-27 09:59:35+00"
"132700","Wh","26192","2024-07-27 10:00:35+00"
"132800","Wh","26192","2024-07-27 10:01:35+00"
"133000","Wh","26192","2024-07-27 10:02:35+00"
"133200","Wh","26192","2024-07-27 10:03:35+00"
"133300","Wh","26192","2024-07-27 10:04:36+00"
"133500","Wh","26192","2024-07-27 10:05:36+00"
"133700","Wh","26192","2024-07-27 10:06:36+00"
"133800","Wh","26192","2024-07-27 10:07:36+00"
"134000","Wh","26192","2024-07-27 10:08:36+00"
"134100","Wh","26192","2024-07-27 10:09:36+00"
"134300","Wh","26192","2024-07-27 10:10:36+00"
"134500","Wh","26192","2024-07-27 10:11:36+00"
"134600","Wh","26192","2024-07-27 10:12:36+00"
"134700","Wh","26192","2024-07-27 10:13:36+00"
"134900","Wh","26192","2024-07-27 10:14:36+00"
"135000","Wh","26192","2024-07-27 10:15:36+00"
"135200","Wh","26192","2024-07-27 10:16:36+00"
"135300","Wh","26192","2024-07-27 10:17:36+00"
"135500","Wh","26192","2024-07-27 10:18:36+00"
"135700","Wh","26192","2024-07-27 10:19:36+00"
"135800","Wh","26192","2024-07-27 10:20:36+00"
"136000","Wh","26192","2024-07-27 10:21:36+00"
"136200","Wh","26192","2024-07-27 10:22:36+00"
"136300","Wh","26192","2024-07-27 10:23:36+00"
"136500","Wh","26192","2024-07-27 10:24:36+00"
"136700","Wh","26192","2024-07-27 10:25:36+00"
"136800","Wh","26192","2024-07-27 10:26:36+00"
"137000","Wh","26192","2024-07-27 10:27:36+00"
"137200","Wh","26192","2024-07-27 10:28:37+00"
"137300","Wh","26192","2024-07-27 10:29:37+00"
"137500","Wh","26192","2024-07-27 10:30:37+00"
"137600","Wh","26192","2024-07-27 10:31:36+00"
"137800","Wh","26192","2024-07-27 10:32:36+00"
"138000","Wh","26192","2024-07-27 10:33:36+00"
"138100","Wh","26192","2024-07-27 10:34:36+00"
"138300","Wh","26192","2024-07-27 10:35:36+00"
"138500","Wh","26192","2024-07-27 10:36:36+00"
"138600","Wh","26192","2024-07-27 10:37:36+00"
"138800","Wh","26192","2024-07-27 10:38:36+00"
"139000","Wh","26192","2024-07-27 10:39:37+00"
"139100","Wh","26192","2024-07-27 10:40:37+00"
"139300","Wh","26192","2024-07-27 10:41:37+00"
"139500","Wh","30934","2024-09-13 17:46:17+00"
"139600","Wh","30934","2024-09-13 17:47:17+00"
"139700","Wh","30934","2024-09-13 17:48:17+00"
"139800","Wh","30934","2024-09-13 17:49:17+00"
"139900","Wh","30934","2024-09-13 17:50:18+00"
"140000","Wh","30934","2024-09-13 17:51:18+00"
"140200","Wh","30934","2024-09-13 17:52:18+00"
"140300","Wh","30934","2024-09-13 17:53:18+00"
"140400","Wh","30934","2024-09-13 17:54:18+00"
"140500","Wh","30934","2024-09-13 17:55:18+00"
"140600","Wh","30934","2024-09-13 17:56:18+00"
"140700","Wh","30934","2024-09-13 17:57:18+00"
"140800","Wh","30934","2024-09-13 17:58:18+00"
"141000","Wh","30934","2024-09-13 17:59:18+00"
"141100","Wh","30934","2024-09-13 18:00:18+00"
"141200","Wh","30934","2024-09-13 18:01:18+00"
"141300","Wh","30934","2024-09-13 18:02:18+00"
"141400","Wh","30934","2024-09-13 18:03:18+00"
"141500","Wh","30934","2024-09-13 18:04:18+00"
"141600","Wh","30934","2024-09-13 18:05:19+00"
"141700","Wh","30934","2024-09-13 18:06:19+00"
"141900","Wh","30934","2024-09-13 18:07:19+00"
"142000","Wh","30934","2024-09-13 18:08:19+00"
"142100","Wh","30934","2024-09-13 18:09:19+00"
"142200","Wh","30934","2024-09-13 18:10:19+00"
"142300","Wh","30934","2024-09-13 18:11:19+00"
"142400","Wh","30934","2024-09-13 18:12:19+00"
"142500","Wh","30934","2024-09-13 18:13:19+00"
"142700","Wh","30934","2024-09-13 18:14:18+00"
"142800","Wh","30934","2024-09-13 18:15:18+00"
"142900","Wh","30934","2024-09-13 18:16:18+00"
"143000","Wh","30934","2024-09-13 18:17:18+00"
"143100","Wh","30934","2024-09-13 18:18:18+00"
"143200","Wh","30934","2024-09-13 18:19:18+00"
"143300","Wh","30934","2024-09-13 18:20:18+00"
"143500","Wh","30934","2024-09-13 18:21:18+00"
"143600","Wh","30934","2024-09-13 18:22:18+00"
"143700","Wh","30934","2024-09-13 18:23:18+00"
"143800","Wh","30934","2024-09-13 18:24:18+00"
"143900","Wh","30934","2024-09-13 18:25:18+00"
"144000","Wh","30934","2024-09-13 18:26:18+00"
"144100","Wh","30934","2024-09-13 18:27:18+00"
"144200","Wh","30934","2024-09-13 18:28:18+00"
"144400","Wh","30934","2024-09-13 18:29:18+00"
"144500","Wh","30934","2024-09-13 18:30:18+00"
"144600","Wh","30934","2024-09-13 18:31:18+00"
"144700","Wh","30934","2024-09-13 18:32:18+00"
"144800","Wh","30934","2024-09-13 18:33:18+00"
"144900","Wh","30934","2024-09-13 18:34:18+00"
"145000","Wh","30934","2024-09-13 18:35:18+00"
"145200","Wh","30934","2024-09-13 18:36:18+00"
"145300","Wh","30934","2024-09-13 18:37:18+00"
"145400","Wh","30934","2024-09-13 18:38:19+00"
"145500","Wh","30934","2024-09-13 18:39:19+00"
"145600","Wh","30934","2024-09-13 18:40:19+00"
"145700","Wh","30934","2024-09-13 18:41:19+00"
"145800","Wh","30934","2024-09-13 18:42:19+00"
"146000","Wh","30934","2024-09-13 18:43:19+00"
"146100","Wh","30934","2024-09-13 18:44:19+00"
"146200","Wh","30934","2024-09-13 18:45:18+00"
"146300","Wh","30934","2024-09-13 18:46:18+00"
"146400","Wh","30934","2024-09-13 18:47:18+00"
"146500","Wh","30934","2024-09-13 18:48:18+00"
"146600","Wh","30934","2024-09-13 18:49:19+00"
"146700","Wh","30934","2024-09-13 18:50:19+00"
"146900","Wh","30934","2024-09-13 18:51:19+00"
"147000","Wh","30934","2024-09-13 18:52:19+00"
"147100","Wh","30934","2024-09-13 18:53:19+00"
"147200","Wh","30934","2024-09-13 18:54:19+00"
"147300","Wh","30934","2024-09-13 18:55:19+00"
"147400","Wh","30934","2024-09-13 18:56:19+00"
"147500","Wh","30934","2024-09-13 18:57:19+00"
"147700","Wh","30934","2024-09-13 18:58:19+00"
"147800","Wh","30934","2024-09-13 18:59:19+00"
"147900","Wh","30934","2024-09-13 19:00:19+00"
"148000","Wh","30934","2024-09-13 19:01:19+00"
"148100","Wh","30934","2024-09-13 19:02:19+00"
"148200","Wh","30934","2024-09-13 19:03:19+00"
"148300","Wh","30934","2024-09-13 19:04:19+00"
"148500","Wh","30934","2024-09-13 19:05:19+00"
"148600","Wh","30934","2024-09-13 19:06:19+00"
"148700","Wh","30934","2024-09-13 19:07:19+00"
"148800","Wh","30934","2024-09-13 19:08:19+00"
"148900","Wh","30934","2024-09-13 19:09:19+00"
"149000","Wh","30934","2024-09-13 19:10:19+00"
"149100","Wh","30934","2024-09-13 19:11:19+00"
"149200","Wh","30934","2024-09-13 19:12:19+00"
"149400","Wh","30934","2024-09-13 19:13:19+00"
"149500","Wh","30934","2024-09-13 19:14:19+00"
"149600","Wh","30934","2024-09-13 19:15:19+00"
"149700","Wh","30934","2024-09-13 19:16:19+00"
"149800","Wh","30934","2024-09-13 19:17:19+00"
"149900","Wh","30934","2024-09-13 19:18:19+00"
"150000","Wh","30934","2024-09-13 19:19:19+00"
"150200","Wh","30934","2024-09-13 19:20:19+00"
"150300","Wh","30934","2024-09-13 19:21:19+00"
"150400","Wh","30934","2024-09-13 19:22:19+00"
"150500","Wh","30934","2024-09-13 19:23:19+00"
"150600","Wh","30934","2024-09-13 19:24:18+00"
"150700","Wh","30934","2024-09-13 19:25:18+00"
"150800","Wh","30934","2024-09-13 19:26:18+00"
"150900","Wh","30934","2024-09-13 19:27:19+00"
"151100","Wh","30934","2024-09-13 19:28:19+00"
"151200","Wh","30934","2024-09-13 19:29:19+00"
"151300","Wh","30934","2024-09-13 19:30:19+00"
"151400","Wh","30934","2024-09-13 19:31:19+00"
"151500","Wh","30934","2024-09-13 19:32:19+00"
"151600","Wh","30934","2024-09-13 19:33:19+00"
"151700","Wh","30934","2024-09-13 19:34:19+00"
"151900","Wh","30934","2024-09-13 19:35:19+00"
"152000","Wh","30934","2024-09-13 19:36:19+00"
"152100","Wh","30934","2024-09-13 19:37:19+00"
"152200","Wh","30934","2024-09-13 19:38:19+00"
"152300","Wh","30934","2024-09-13 19:39:19+00"
"152400","Wh","30934","2024-09-13 19:40:19+00"
"152500","Wh","30934","2024-09-13 19:41:19+00"
"152600","Wh","30934","2024-09-13 19:42:19+00"
"152800","Wh","30934","2024-09-13 19:43:19+00"
"152900","Wh","30934","2024-09-13 19:44:19+00"
"153000","Wh","30934","2024-09-13 19:45:19+00"
"153100","Wh","30934","2024-09-13 19:46:19+00"
"153200","Wh","30934","2024-09-13 19:47:19+00"
"153300","Wh","30934","2024-09-13 19:48:19+00"
"153400","Wh","30934","2024-09-13 19:49:19+00"
"153600","Wh","30934","2024-09-13 19:50:19+00"
"153700","Wh","30934","2024-09-13 19:51:19+00"
"153800","Wh","30934","2024-09-13 19:52:19+00"
"153900","Wh","30934","2024-09-13 19:53:19+00"
"154000","Wh","30934","2024-09-13 19:54:19+00"
"154100","Wh","30934","2024-09-13 19:55:18+00"
"154200","Wh","30934","2024-09-13 19:56:18+00"
"154400","Wh","30934","2024-09-13 19:57:18+00"
"154500","Wh","30934","2024-09-13 19:58:18+00"
"154600","Wh","30934","2024-09-13 19:59:19+00"
"154700","Wh","30934","2024-09-13 20:00:19+00"
"154800","Wh","30934","2024-09-13 20:01:20+00"
"154900","Wh","30934","2024-09-13 20:02:20+00"
"155000","Wh","30934","2024-09-13 20:03:20+00"
"155000","Wh","30934","2024-09-13 20:04:20+00"
"155000","Wh","30934","2024-09-13 20:05:20+00"
"155000","Wh","30934","2024-09-13 20:06:20+00"
"155100","Wh","30934","2024-09-13 20:07:20+00"
"155100","Wh","30934","2024-09-13 20:08:20+00"
"155100","Wh","30934","2024-09-13 20:09:20+00"
"155100","Wh","30934","2024-09-13 20:10:20+00"
"155200","Wh","30934","2024-09-13 20:11:20+00"
"155200","Wh","30934","2024-09-13 20:12:20+00"
"155200","Wh","30934","2024-09-13 20:13:20+00"
"155200","Wh","30934","2024-09-13 20:14:20+00"
"155200","Wh","30934","2024-09-13 20:15:20+00"
"155200","Wh","30934","2024-09-13 20:16:20+00"
"155200","Wh","30934","2024-09-13 20:17:20+00"
"155200","Wh","30934","2024-09-13 20:18:20+00"
"155200","Wh","30934","2024-09-13 20:19:20+00"
"155200","Wh","30934","2024-09-13 20:20:20+00"
"155200","Wh","30934","2024-09-13 20:21:20+00"
"155200","Wh","30934","2024-09-13 20:22:20+00"
"155200","Wh","30934","2024-09-13 20:23:20+00"
"155200","Wh","30934","2024-09-13 20:24:20+00"
"155200","Wh","30934","2024-09-13 20:25:20+00"
"155200","Wh","30934","2024-09-13 20:26:20+00"
"155200","Wh","30934","2024-09-13 20:27:20+00"
"155200","Wh","30934","2024-09-13 20:28:19+00"
"155200","Wh","30934","2024-09-13 20:29:19+00"
"155200","Wh","30934","2024-09-13 20:30:19+00"
"155200","Wh","30934","2024-09-13 20:31:19+00"
"155200","Wh","30934","2024-09-13 20:32:19+00"
"155200","Wh","30934","2024-09-13 20:33:19+00"
"155200","Wh","30934","2024-09-13 20:34:19+00"
"155200","Wh","30934","2024-09-13 20:35:19+00"
"155200","Wh","30934","2024-09-13 20:36:19+00"
"155200","Wh","30934","2024-09-13 20:37:20+00"
"155200","Wh","30934","2024-09-13 20:38:19+00"
"155200","Wh","30934","2024-09-13 20:39:20+00"
"155200","Wh","30934","2024-09-13 20:40:20+00"
"155200","Wh","30934","2024-09-13 20:41:20+00"
"155200","Wh","30934","2024-09-13 20:42:20+00"
"155200","Wh","30934","2024-09-13 20:43:20+00"
"155200","Wh","30934","2024-09-13 20:44:20+00"
"155200","Wh","30934","2024-09-13 20:45:20+00"
"155200","Wh","30934","2024-09-13 20:46:20+00"
"155200","Wh","30934","2024-09-13 20:47:20+00"
"155200","Wh","30934","2024-09-13 20:48:20+00"
"155200","Wh","30934","2024-09-13 20:49:20+00"
"155200","Wh","30934","2024-09-13 20:50:20+00"
"155200","Wh","30934","2024-09-13 20:51:20+00"
"155200","Wh","30934","2024-09-13 20:52:20+00"
"155200","Wh","30934","2024-09-13 20:53:20+00"
"155200","Wh","30934","2024-09-13 20:54:20+00"
"155200","Wh","30934","2024-09-13 20:55:20+00"
"155200","Wh","30934","2024-09-13 20:56:20+00"
"155200","Wh","30934","2024-09-13 20:57:20+00"
"155200","Wh","30934","2024-09-13 20:58:19+00"
"155200","Wh","30934","2024-09-13 20:59:19+00"
"155200","Wh","30934","2024-09-13 21:00:19+00"
"155200","Wh","30934","2024-09-13 21:01:19+00"
"155200","Wh","30934","2024-09-13 21:02:19+00"
"155200","Wh","30934","2024-09-13 21:03:19+00"
"155200","Wh","30934","2024-09-13 21:04:20+00"
"155200","Wh","30934","2024-09-13 21:05:20+00"
"155200","Wh","30934","2024-09-13 21:06:20+00"
"155200","Wh","30934","2024-09-13 21:07:20+00"
"155200","Wh","30934","2024-09-13 21:08:20+00"
"155200","Wh","30934","2024-09-13 21:09:20+00"
"155200","Wh","30934","2024-09-13 21:10:20+00"
"155200","Wh","30934","2024-09-13 21:11:21+00"
"155200","Wh","30934","2024-09-13 21:12:21+00"
"155200","Wh","30934","2024-09-13 21:13:21+00"
"155200","Wh","30934","2024-09-13 21:14:21+00"
"155300","Wh","31177","2024-09-17 15:45:30+00"
"155400","Wh","31177","2024-09-17 15:46:30+00"
"155600","Wh","31177","2024-09-17 15:47:30+00"
"155800","Wh","31177","2024-09-17 15:48:29+00"
"155900","Wh","31177","2024-09-17 15:49:29+00"
"156100","Wh","31177","2024-09-17 15:50:29+00"
"156300","Wh","31177","2024-09-17 15:51:29+00"
"156500","Wh","31177","2024-09-17 15:52:29+00"
"156600","Wh","31177","2024-09-17 15:53:29+00"
"156800","Wh","31177","2024-09-17 15:54:29+00"
"157000","Wh","31177","2024-09-17 15:55:29+00"
"157100","Wh","31177","2024-09-17 15:56:29+00"
"157300","Wh","31177","2024-09-17 15:57:29+00"
"157500","Wh","31177","2024-09-17 15:58:29+00"
"157700","Wh","31177","2024-09-17 15:59:29+00"
"157800","Wh","31177","2024-09-17 16:00:29+00"
"158000","Wh","31177","2024-09-17 16:01:29+00"
"158200","Wh","31177","2024-09-17 16:02:29+00"
"158400","Wh","31177","2024-09-17 16:03:29+00"
"158500","Wh","31177","2024-09-17 16:04:29+00"
"158700","Wh","31177","2024-09-17 16:05:29+00"
"158900","Wh","31177","2024-09-17 16:06:29+00"
"159100","Wh","31177","2024-09-17 16:07:29+00"
"159200","Wh","31177","2024-09-17 16:08:29+00"
"159400","Wh","31177","2024-09-17 16:09:29+00"
"159600","Wh","31177","2024-09-17 16:10:29+00"
"159800","Wh","31177","2024-09-17 16:11:29+00"
"159900","Wh","31177","2024-09-17 16:12:30+00"
"160100","Wh","31177","2024-09-17 16:13:29+00"
"160300","Wh","31177","2024-09-17 16:14:29+00"
"160400","Wh","31177","2024-09-17 16:15:29+00"
"160600","Wh","31177","2024-09-17 16:16:29+00"
"160800","Wh","31177","2024-09-17 16:17:30+00"
"161000","Wh","31177","2024-09-17 16:18:29+00"
"161100","Wh","31177","2024-09-17 16:19:30+00"
"161300","Wh","31177","2024-09-17 16:20:29+00"
"161500","Wh","31177","2024-09-17 16:21:30+00"
"161700","Wh","31177","2024-09-17 16:22:30+00"
"161800","Wh","31177","2024-09-17 16:23:31+00"
"162000","Wh","31177","2024-09-17 16:24:31+00"
"162200","Wh","31177","2024-09-17 16:25:31+00"
"162400","Wh","31177","2024-09-17 16:26:30+00"
"162500","Wh","31177","2024-09-17 16:27:30+00"
"162700","Wh","31177","2024-09-17 16:28:30+00"
"162900","Wh","31177","2024-09-17 16:29:30+00"
"163000","Wh","31177","2024-09-17 16:30:30+00"
"163200","Wh","31177","2024-09-17 16:31:30+00"
"163400","Wh","31177","2024-09-17 16:32:30+00"
"163600","Wh","31177","2024-09-17 16:33:30+00"
"163800","Wh","31177","2024-09-17 16:34:30+00"
"163900","Wh","31177","2024-09-17 16:35:30+00"
"164100","Wh","31177","2024-09-17 16:36:30+00"
"164300","Wh","31177","2024-09-17 16:37:30+00"
"164500","Wh","31177","2024-09-17 16:38:30+00"
"164600","Wh","31177","2024-09-17 16:39:30+00"
"164800","Wh","31177","2024-09-17 16:40:30+00"
"165000","Wh","31177","2024-09-17 16:41:30+00"
"165200","Wh","31177","2024-09-17 16:42:30+00"
"165300","Wh","31177","2024-09-17 16:43:30+00"
"165500","Wh","31177","2024-09-17 16:44:30+00"
"165700","Wh","31177","2024-09-17 16:45:30+00"
"165800","Wh","31177","2024-09-17 16:46:30+00"
"166000","Wh","31177","2024-09-17 16:47:30+00"
"166200","Wh","31177","2024-09-17 16:48:30+00"
"166400","Wh","31177","2024-09-17 16:49:30+00"
"166500","Wh","31177","2024-09-17 16:50:30+00"
"166600","Wh","31177","2024-09-17 16:51:30+00"
"166700","Wh","32076","2024-09-27 15:40:34+00"
"166900","Wh","32076","2024-09-27 15:41:35+00"
"167000","Wh","32076","2024-09-27 15:42:35+00"
"167200","Wh","32076","2024-09-27 15:43:35+00"
"167400","Wh","32076","2024-09-27 15:44:35+00"
"167500","Wh","32076","2024-09-27 15:45:35+00"
"167700","Wh","32076","2024-09-27 15:46:35+00"
"167900","Wh","32076","2024-09-27 15:47:35+00"
"168000","Wh","32076","2024-09-27 15:48:35+00"
"168200","Wh","32076","2024-09-27 15:49:35+00"
"168400","Wh","32076","2024-09-27 15:50:35+00"
"168600","Wh","32076","2024-09-27 15:51:35+00"
"168700","Wh","32076","2024-09-27 15:52:35+00"
"168900","Wh","32076","2024-09-27 15:53:35+00"
"169100","Wh","32076","2024-09-27 15:54:35+00"
"169300","Wh","32076","2024-09-27 15:55:35+00"
"169400","Wh","32076","2024-09-27 15:56:35+00"
"169600","Wh","32076","2024-09-27 15:57:35+00"
"169800","Wh","32076","2024-09-27 15:58:35+00"
"169900","Wh","32076","2024-09-27 15:59:35+00"
"170100","Wh","32076","2024-09-27 16:00:35+00"
"170300","Wh","32076","2024-09-27 16:01:36+00"
"170500","Wh","32076","2024-09-27 16:02:35+00"
"170600","Wh","32076","2024-09-27 16:03:36+00"
"170800","Wh","32076","2024-09-27 16:04:36+00"
"171000","Wh","32076","2024-09-27 16:05:36+00"
"171200","Wh","32076","2024-09-27 16:06:36+00"
"171300","Wh","32076","2024-09-27 16:07:36+00"
"171500","Wh","32076","2024-09-27 16:08:36+00"
"171700","Wh","32076","2024-09-27 16:09:36+00"
"171800","Wh","32076","2024-09-27 16:10:36+00"
"172000","Wh","32076","2024-09-27 16:11:36+00"
"172200","Wh","32076","2024-09-27 16:12:36+00"
"172400","Wh","32076","2024-09-27 16:13:36+00"
"172500","Wh","32076","2024-09-27 16:14:36+00"
"172700","Wh","32076","2024-09-27 16:15:36+00"
"172900","Wh","32076","2024-09-27 16:16:36+00"
"173000","Wh","32076","2024-09-27 16:17:36+00"
"173200","Wh","32076","2024-09-27 16:18:36+00"
"173400","Wh","32076","2024-09-27 16:19:36+00"
"173600","Wh","32076","2024-09-27 16:20:36+00"
"173700","Wh","32076","2024-09-27 16:21:36+00"
"173900","Wh","32076","2024-09-27 16:22:36+00"
"174100","Wh","32076","2024-09-27 16:23:36+00"
"174300","Wh","32076","2024-09-27 16:24:36+00"
"174400","Wh","32076","2024-09-27 16:25:36+00"
"174600","Wh","32076","2024-09-27 16:26:36+00"
"174800","Wh","32076","2024-09-27 16:27:36+00"
"175000","Wh","32076","2024-09-27 16:28:36+00"
"175100","Wh","32076","2024-09-27 16:29:36+00"
"175300","Wh","32076","2024-09-27 16:30:36+00"
"175500","Wh","32076","2024-09-27 16:31:36+00"
"175700","Wh","32076","2024-09-27 16:32:36+00"
"175800","Wh","32076","2024-09-27 16:33:36+00"
"176000","Wh","32076","2024-09-27 16:34:36+00"
"176200","Wh","32076","2024-09-27 16:35:36+00"
"176400","Wh","32076","2024-09-27 16:36:36+00"
"176500","Wh","32076","2024-09-27 16:37:36+00"
"176700","Wh","32076","2024-09-27 16:38:36+00"
"176900","Wh","32076","2024-09-27 16:39:36+00"
"177100","Wh","32076","2024-09-27 16:40:36+00"
"177200","Wh","32076","2024-09-27 16:41:36+00"
"177400","Wh","32076","2024-09-27 16:42:36+00"
"177600","Wh","32076","2024-09-27 16:43:35+00"
"177800","Wh","32076","2024-09-27 16:44:35+00"
"177900","Wh","32076","2024-09-27 16:45:35+00"
"178100","Wh","32076","2024-09-27 16:46:35+00"
"178300","Wh","32076","2024-09-27 16:47:36+00"
"178500","Wh","32076","2024-09-27 16:48:36+00"
"178600","Wh","32076","2024-09-27 16:49:36+00"
"178800","Wh","32076","2024-09-27 16:50:36+00"
"179000","Wh","32076","2024-09-27 16:51:36+00"
"179200","Wh","32076","2024-09-27 16:52:36+00"
"179300","Wh","32076","2024-09-27 16:53:36+00"
"179400","Wh","32118","2024-09-28 10:04:49+00"
"179400","Wh","32118","2024-09-28 10:05:49+00"
"179400","Wh","32118","2024-09-28 10:06:49+00"
"179500","Wh","32118","2024-09-28 10:07:49+00"
"179500","Wh","32118","2024-09-28 10:08:48+00"
"179600","Wh","32118","2024-09-28 10:09:48+00"
"179600","Wh","32118","2024-09-28 10:10:48+00"
"179700","Wh","32118","2024-09-28 10:11:48+00"
"179700","Wh","32118","2024-09-28 10:12:49+00"
"179800","Wh","32118","2024-09-28 10:13:49+00"
"179900","Wh","32118","2024-09-28 10:14:49+00"
"179900","Wh","32118","2024-09-28 10:15:49+00"
"180000","Wh","32118","2024-09-28 10:16:49+00"
"180000","Wh","32118","2024-09-28 10:17:49+00"
"180100","Wh","32118","2024-09-28 10:18:49+00"
"180100","Wh","32118","2024-09-28 10:19:50+00"
"180200","Wh","32118","2024-09-28 10:20:50+00"
"180300","Wh","32118","2024-09-28 10:21:50+00"
"180300","Wh","32118","2024-09-28 10:22:50+00"
"180400","Wh","32118","2024-09-28 10:23:50+00"
"180400","Wh","32118","2024-09-28 10:24:50+00"
"180500","Wh","32118","2024-09-28 10:25:50+00"
"180500","Wh","32118","2024-09-28 10:26:50+00"
"180600","Wh","32118","2024-09-28 10:27:50+00"
"180700","Wh","32118","2024-09-28 10:28:50+00"
"180700","Wh","32118","2024-09-28 10:29:50+00"
"180800","Wh","32118","2024-09-28 10:30:50+00"
"180800","Wh","32118","2024-09-28 10:31:50+00"
"180900","Wh","32118","2024-09-28 10:32:50+00"
"180900","Wh","32118","2024-09-28 10:33:50+00"
"181000","Wh","32118","2024-09-28 10:34:50+00"
"181100","Wh","32118","2024-09-28 10:35:50+00"
"181100","Wh","32118","2024-09-28 10:36:50+00"
"181200","Wh","32118","2024-09-28 10:37:50+00"
"181200","Wh","32118","2024-09-28 10:38:50+00"
"181300","Wh","32118","2024-09-28 10:39:50+00"
"181300","Wh","32118","2024-09-28 10:40:50+00"
"181400","Wh","32118","2024-09-28 10:41:50+00"
"181500","Wh","32118","2024-09-28 10:42:49+00"
"181500","Wh","32118","2024-09-28 10:43:49+00"
"181600","Wh","32118","2024-09-28 10:44:49+00"
"181600","Wh","32118","2024-09-28 10:45:49+00"
"181700","Wh","32118","2024-09-28 10:46:49+00"
"181700","Wh","32118","2024-09-28 10:47:49+00"
"181800","Wh","32118","2024-09-28 10:48:49+00"
"181900","Wh","32118","2024-09-28 10:49:49+00"
"181900","Wh","32118","2024-09-28 10:50:49+00"
"182000","Wh","32118","2024-09-28 10:51:49+00"
"182000","Wh","32118","2024-09-28 10:52:49+00"
"182100","Wh","32118","2024-09-28 10:53:49+00"
"182100","Wh","32118","2024-09-28 10:54:49+00"
"182200","Wh","32118","2024-09-28 10:55:49+00"
"182300","Wh","32118","2024-09-28 10:56:50+00"
"182300","Wh","32118","2024-09-28 10:57:50+00"
"182400","Wh","32118","2024-09-28 10:58:50+00"
"182400","Wh","32118","2024-09-28 10:59:50+00"
"182500","Wh","32118","2024-09-28 11:00:49+00"
"182500","Wh","32118","2024-09-28 11:01:50+00"
"182600","Wh","32118","2024-09-28 11:02:50+00"
"182700","Wh","32118","2024-09-28 11:03:50+00"
"182700","Wh","32118","2024-09-28 11:04:50+00"
"182800","Wh","32118","2024-09-28 11:05:50+00"
"182800","Wh","32118","2024-09-28 11:06:50+00"
"182900","Wh","32118","2024-09-28 11:07:51+00"
"182900","Wh","32118","2024-09-28 11:08:51+00"
"183000","Wh","32118","2024-09-28 11:09:51+00"
"183100","Wh","32118","2024-09-28 11:10:51+00"
"183100","Wh","32118","2024-09-28 11:11:51+00"
"183200","Wh","32118","2024-09-28 11:12:51+00"
"183200","Wh","32118","2024-09-28 11:13:51+00"
"183300","Wh","32118","2024-09-28 11:14:51+00"
"183300","Wh","32118","2024-09-28 11:15:51+00"
"183400","Wh","32118","2024-09-28 11:16:51+00"
"183500","Wh","32118","2024-09-28 11:17:51+00"
"183500","Wh","32118","2024-09-28 11:18:50+00"
"183600","Wh","32118","2024-09-28 11:19:50+00"
"183600","Wh","32118","2024-09-28 11:20:50+00"
"183700","Wh","32118","2024-09-28 11:21:50+00"
"183700","Wh","32118","2024-09-28 11:22:50+00"
"183800","Wh","32118","2024-09-28 11:23:50+00"
"183900","Wh","32118","2024-09-28 11:24:50+00"
"183900","Wh","32118","2024-09-28 11:25:50+00"
"184000","Wh","32118","2024-09-28 11:26:50+00"
"184000","Wh","32118","2024-09-28 11:27:50+00"
"184100","Wh","32118","2024-09-28 11:28:50+00"
"184200","Wh","32118","2024-09-28 11:29:50+00"
"184200","Wh","32118","2024-09-28 11:30:50+00"
"184300","Wh","32118","2024-09-28 11:31:50+00"
"184300","Wh","32118","2024-09-28 11:32:50+00"
"184400","Wh","32118","2024-09-28 11:33:50+00"
"184400","Wh","32118","2024-09-28 11:34:50+00"
"184500","Wh","32118","2024-09-28 11:35:50+00"
"184600","Wh","32118","2024-09-28 11:36:50+00"
"184600","Wh","32118","2024-09-28 11:37:50+00"
"184700","Wh","32118","2024-09-28 11:38:50+00"
"184700","Wh","32118","2024-09-28 11:39:50+00"